"Gene","Correlation_with_PCoA2"
"group_2463.SAR.endolysin",0.96851292638857
"group_2316.DUF826.domain.containing.protein",0.96851292638857
"group_1755.Antitermination.protein",0.96851292638857
"group_1741.Integrase",0.96851292638857
"group_1663.K....transporting.ATPase.subunit.F",0.96851292638857
"group_1660.DUF977.domain.containing.protein",0.96851292638857
"group_1256.DUF1391.domain.containing.protein",0.96851292638857
"group_1231.hypothetical.protein",0.96851292638857
"group_1223.Tail.component",0.96851292638857
"group_1181.Cell.division.inhibition.protein",0.96851292638857
"group_1180.DUF1482.domain.containing.protein",0.96851292638857
"group_1158.Lipoprotein",0.96851292638857
"group_1121.Type.I.toxin.antitoxin.system.Hok.family.toxin",0.96851292638857
"group_1120.Phage.protein",0.96851292638857
"group_991.Rha.family.transcriptional.regulator",0.96851292638857
"group_934.IS1.transposase",0.96851292638857
"group_912.Ybl81",0.96851292638857
"group_911.hypothetical.protein",0.96851292638857
"group_819.Bacteriophage.protein",0.96851292638857
"group_805.DUF551.domain.containing.protein",0.96851292638857
"group_789.DUF551.domain.containing.protein",0.96851292638857
"group_784.Crossover.junction.endodeoxyribonuclease.rusA",0.96851292638857
"dicA.Transcriptional.repressor.DicA",0.96851292638857
"group_715.Bacterial.toxin.YdaT.domain.containing.protein",0.96851292638857
"ospG.Protein.kinase.OspG",0.96851292638857
"group_379.ATP.binding.protein",0.96851292638857
"group_356.DUF1627.domain.containing.protein",0.96851292638857
"group_254.DNA.binding.protein",0.96851292638857
"group_208.DUF968.domain.containing.protein",0.96851292638857
"group_200.Methyltransferase",0.96851292638857
"group_32.exonuclease",0.96851292638857
"group_1900.Antirepressor.protein.ant.N.terminal.domain.containing.protein",0.96851292638857
"group_493.Partial.O.replication.protein.for.prophage.CP.933H",-0.892208829472247
"group_1648.Ail.Lom.family.protein",-0.892208829472247
"group_1926.Prophage.protein",-0.892208829472247
"group_1923.ClpP.like.prohead.protease.major.capsid.protein.fusion.protein",-0.892208829472247
"group_2379.Protease.FtsH.inhibitory.lysogeny.factor.CIII.Protease.inhibitor.III",0.892208829472247
"group_2352.DUF1317.domain.containing.protein",0.892208829472247
"kil.Host.cell.division.inhibitory.peptide.Kil.Protein.kil",0.892208829472247
"group_2181.Restriction.alleviation.protein.Lar.family",0.892208829472247
"group_2179.Exonuclease",0.892208829472247
"group_1803.DUF1382.domain.containing.protein",0.892208829472247
"group_1802.Host.nuclease.inhibitor.Gam.family.protein",0.892208829472247
"group_1790.Terminase.small.subunit..Partial.",0.892208829472247
"group_1788.Large.subunit.terminase",0.892208829472247
"group_1786.WH2.domain.containing.protein",0.892208829472247
"group_1784.Phage.protein",0.892208829472247
"group_1782.N4.gp56.family.major.capsid.protein",0.892208829472247
"group_1780.Capsid.and.scaffold.protein",0.892208829472247
"group_1778.Phage.protein",0.892208829472247
"group_1776.Phage.protein",0.892208829472247
"group_1774.Phage.protein",0.892208829472247
"group_1772.Bacteriophage.933W.L0121.tail.fibre.C.terminal.domain.containing.protein",0.892208829472247
"group_1767.hypothetical.protein",0.892208829472247
"group_1553.Prophage.protein",0.892208829472247
"group_1536.phage.recombination.protein.Bet",0.892208829472247
"group_1530.Cell.division.protein.ZapA",0.892208829472247
"group_1526.Phage.protein",0.892208829472247
"group_1523.Conjugal.transfer.protein.TraR",0.892208829472247
"group_648.Prophage.protein",0.892208829472247
"group_72.IgGFc.binding.protein.N.terminal.domain.containing.protein",0.892208829472247
"group_2351.Spanin.inner.membrane.subunit",0.892208829472247
"group_2278.Prophage.protein",0.892208829472247
"group_2208.helix.turn.helix.domain.containing.protein.Replication.protein",0.892208829472247
"group_2156.Transcriptional.regulator",0.892208829472247
"group_1801.hypothetical.protein",0.892208829472247
"group_1800.DUF3024.domain.containing.protein",0.892208829472247
"group_1799.DNA.binding.protein",0.892208829472247
"group_1798.Regulatory.protein",0.892208829472247
"group_1797.hypothetical.protein",0.892208829472247
"group_1796.Prophage.protein",0.892208829472247
"group_1795.NinA",0.892208829472247
"group_1794.Antitermination.protein.Q",0.892208829472247
"stxB2.Shiga.toxin.Stx2a.subunit.B",0.892208829472247
"group_1769.Bacteriophage.933W.L0121.tail.fibre.C.terminal.domain.containing.protein",0.892208829472247
"group_1762.N.acetyltransferase",0.892208829472247
"group_1761.DNA.transfer.protein",0.892208829472247
"group_1760.Unassigned.protein",0.892208829472247
"group_1759.Bacteriocin",0.892208829472247
"group_1757.Unassigned.protein",0.892208829472247
"ninH.Protein.ninH",0.892208829472247
"group_1539.Protein.ea10",0.892208829472247
"group_1332.NAD.P.H.quinone.oxidoreductase",0.892208829472247
"group_1306.Gp60",0.892208829472247
"group_1216.Hok.Gef.family.protein",0.892208829472247
"group_1098.Ead.Ea22.like.family.protein",0.892208829472247
"group_1087.C4.type.zinc.finger.protein",0.892208829472247
"group_1016.Eaa.protein",0.892208829472247
"group_976.Outer.membrane.protein",0.892208829472247
"group_952.Excisionase",0.892208829472247
"group_951.ASCH.domain.containing.protein",0.892208829472247
"group_950.DUF4752.domain.containing.protein",0.892208829472247
"group_923.ClpX.type.ZB.domain.containing.protein",0.892208829472247
"group_772.Antitermination.protein",0.892208829472247
"group_757.Bacteriophage.protein",0.892208829472247
"group_664.Crossover.junction.endodeoxyribonuclease.RuvC",0.892208829472247
"group_476.Antirepressor",0.892208829472247
"group_447.DUF551.domain.containing.protein",0.892208829472247
"group_407.Repressor.protein.of.bacteriophage.origin",0.892208829472247
"group_312.DUF551.domain.containing.protein",0.892208829472247
"group_210.Serine.threonine.kinase",0.892208829472247
"group_121.Integrase",0.892208829472247
"group_17.Putative.replication.protein.P",0.892208829472247
"group_0.Large.polyvalent.protein.associated.domain.containing.protein",0.892208829472247
"group_2309.ead.Ea22.like.family.protein.Ead.Ea22.like.family.protein",0.892208829472247
"group_1603.Phage.tail.assembly.protein",0.892208829472247
"group_2500.Rz.like.spanin",0.892208829472247
"group_1903.serum.resistance.lipoprotein.Bor",0.892208829472247
"group_1899.Phage.protein",0.892208829472247
"group_1765.DUF1983.domain.containing.protein",0.892208829472247
"group_1764.Small.toxic.polypeptide",0.892208829472247
"group_1568.Holin",0.892208829472247
"group_1314.Phage.protein",0.892208829472247
"rhmT.Inner.membrane.transport.protein.RhmT",0.874889973065012
"group_89.Putative.tail.length.tape.measure.protein.from.putative.prophage",0.874889973065012
"group_1461.IS66.like.element.accessory.protein.TnpA",0.850601766979573
"group_1450.IS66.family.insertion.sequence.element.accessory.protein.TnpB",0.850601766979573
"group_1437.IS66.family.ISEc8.transposase",0.850601766979573
"group_2436.Shiga.toxin.2c.A.unit.protein.Shiga.toxin.Stx2.subunit.A",0.847549225581641
"group_2439.Inner.membrane.protein",0.847173210674429
"group_2392.Phage.tail.protein",0.847173210674429
"group_2454.Spanin.inner.membrane.subunit.Lysis.protein",0.847173210674429
"group_2451.Bacteriophage.933W.L0121.tail.fibre.C.terminal.domain.containing.protein.Prophage.tail.fiber.C.terminus.family.protein.Phage.tail.protein",0.847173210674429
"group_2375.Terminase.small.subunit.DUF1441.domain.containing.protein",0.847173210674429
"group_1939.Z.protein",0.847173210674429
"group_1595.phage.tail.assembly.chaperone.G",0.847173210674429
"group_2321.Minor.tail.protein.M",0.847173210674429
"group_1599.Tape.measure.protein",0.847173210674429
"group_1597.phage.tail.assembly.protein.T",0.847173210674429
"group_1566.Holin",0.847173210674429
"group_1930.ClpP.like.prohead.protease.major.capsid.protein.fusion.protein",0.847173210674429
"group_1929.Terminase.large.subunit",0.847173210674429
"group_1928.Prophage.protein",0.847173210674429
"group_1925.ClpP.like.prohead.protease.major.capsid.protein.fusion.protein",0.847173210674429
"group_1586.DUF2190.domain.containing.protein",0.847173210674429
"group_1584.phage.portal.protein",0.847173210674429
"group_1581.Phage.protein",0.847173210674429
"group_1931.DUF1737.domain.containing.protein",0.847173210674429
"group_1593.Minor.tail.protein.U",0.847173210674429
"group_965.DNA.breaking.rejoining.protein",0.847173210674429
"group_1570.SAR.endolysin",0.847173210674429
"group_2342.phage.minor.tail.protein.L.Phage.minor.tail.protein",-0.836040046134791
"group_2366.DUF1378.domain.containing.protein",0.821761225371278
"group_381.Outer.membrane.protein.Lom",0.804801673862867
"group_1807.Enterobacterial.Ail.Lom.protein",0.78942011981004
"group_2141.ClpP.like.prohead.protease.major.capsid.protein.fusion.protein",0.779010843810967
"group_1116.Prophage.protein",0.779010843810967
"group_802.Phage.portal.protein",0.779010843810967
"group_461.hypothetical.protein",0.779010843810967
"group_204.phage.portal.protein",0.779010843810967
"group_2110.phage.tail.assembly.chaperone.G",0.779010843810967
"group_986.DNA.breaking.rejoining.protein",0.779010843810967
"group_889.phage.tail.assembly.protein.T",0.779010843810967
"group_879.DUF2190.domain.containing.protein",0.779010843810967
"group_750.Phage.tail.protein",0.779010843810967
"group_534.Phage.tail.protein",0.779010843810967
"group_373.Phage.tail.protein",0.779010843810967
"group_2452.phage.minor.tail.protein.L",0.779010843810967
"group_2332.Phage.tail.assembly.protein.C40.family.peptidase.Phage.tail.protein",0.779010843810967
"group_2402.Putative.tail.component",0.779010843810967
"group_2387.hypothetical.protein",-0.779010843810967
"group_2386.SF3.helicase.domain.containing.protein",-0.779010843810967
"group_2266.Prophage.protein",-0.779010843810967
"group_2165.Prophage.protein",-0.779010843810967
"group_1146.host.cell.division.inhibitor.Icd.like.protein",-0.779010843810967
"group_2299.Prophage.protein",-0.779010843810967
"copG.CopG.family.transcriptional.regulator",-0.779010843810967
"group_553.ISSfl4.ORF3",-0.779010843810967
"group_2468.Phage.tail.assembly.protein",-0.773679473644579
"group_2190.Ig.domain.containing.protein.Major.tail.protein.V.Phage.major.tail.protein",0.748259600409587
"group_2112.fimbria.pilus.outer.membrane.usher.protein.Usher.protein.hypothetical.protein",0.731857773582337
"group_2314.DUF1737.domain.containing.protein",0.731857773582337
"group_2281.Antirepressor.protein.ant.Uncharacterized.protein.ORF36",0.731857773582337
"group_2280.Protein.ninG",0.731857773582337
"group_2182.NinB.protein",0.731857773582337
"group_1791.DUF826.domain.containing.protein",0.731857773582337
"group_1556.phage.N.6.adenine.methyltransferase",0.731857773582337
"group_396.DNA.binding.protein.Roi",0.731857773582337
"group_2440.Ail.Lom.family.outer.membrane.beta.barrel.protein.Enterobacterial.Ail.Lom.protein",0.731857773582337
"group_2418.hypothetical.protein",0.731857773582337
"group_692.phage.minor.tail.protein.L",0.674907479553215
"group_2393.Prophage.protein.Bacteriophage.protein",-0.650467486130907
"group_2370.Antitermination.protein.NusG",-0.650467486130907
"group_2369.Phage.protein",-0.650467486130907
"group_2306.Tyr.recombinase.domain.containing.protein",-0.650467486130907
"group_2305.AlpA.family.phage.regulatory.protein",-0.650467486130907
"group_2297.hypothetical.protein",-0.650467486130907
"group_1943.Terminase.small.subunit",-0.650467486130907
"group_1942.Phage.major.capsid.protein",-0.650467486130907
"group_1263.hypothetical.protein",-0.650467486130907
"group_1487.IS3.family.IS1203.transposase.ORF.A",-0.609556863125032
"group_1471.IS3.family.IS1203.transposase.ORF.B",-0.609556863125032
"group_723.Type.IV.conjugative.transfer.system.protein.TraV",-0.513022159023801
"group_1470.IS3.family.IS1203.transposase.ORF.B",0.381442168092163
"group_1483.IS3.family.IS1203.transposase.ORF.A",0.362322556082668
"group_1833.Inner.membrane.protein",-0.305339899448948
"group_2683.IS66.family.insertion.sequence.element.accessory.protein.TnpB",0.302798288277895
"group_2682.IS66.family.ISEc8.transposase",0.302798288277895
"group_2681.Ail.Lom.family.outer.membrane.beta.barrel.protein",0.302798288277895
"group_2680.hypothetical.protein",0.302798288277895
"group_2679.IS66.like.element.accessory.protein.TnpA",0.302798288277895
"group_201.hypothetical.protein",0.282505404969281
"group_1832.Glycosyltransferase.family.1.protein",-0.280581025106547
"group_1830.Carbohydrate.transporter",-0.280581025106547
"group_2416.SF3.helicase.domain.containing.protein",-0.269786117939351
"group_2367.Prophage.protein",-0.269786117939351
"group_1938.Single.stranded.DNA.binding.protein",-0.269786117939351
"group_1927.Prophage.protein",-0.269786117939351
"group_1924.ClpP.like.prohead.protease.major.capsid.protein.fusion.protein",-0.269786117939351
"group_1921.hypothetical.protein",-0.269786117939351
"group_2230.Host.cell.division.inhibitor.Icd.like.protein.host.cell.division.inhibitor.Icd.like.protein",0.269786117939351
"group_1948.hypothetical.protein",0.269786117939351
"group_1947.DUF4222.domain.containing.protein",0.269786117939351
"group_1946.primase.like.DNA.binding.domain.containing.protein",0.269786117939351
"group_913.YlcI.YnfO.family.protein",0.269786117939351
"group_1936.hypothetical.protein",0.269786117939351
"group_1934.Phage.protein",0.269786117939351
"cma.lipid.II.degrading.bacteriocin.lipid.II.degrading.bacteriocin.colicin.M",0.269786117939351
"group_2083.conjugal.transfer.complement.resistance.protein.TraT",0.269786117939351
"group_1964.Transposase",0.269786117939351
"group_1963.Transposase",0.269786117939351
"group_1962.IS91.family.ISEc84.transposase",0.269786117939351
"group_1961.IS91.family.ISEc84.transposase",0.269786117939351
"group_1919.DNA.primase",0.269786117939351
"group_1917.Bacteriophage.protein",0.269786117939351
"group_1311.Transposase",0.269786117939351
"group_1123.Protein.FlmC.like.protein",0.269786117939351
"group_1092.conjugal.transfer.protein.TraR",0.269786117939351
"group_1068.UPF0401.protein.YubL",0.269786117939351
"trbG.conjugal.transfer.protein.TrbG",0.269786117939351
"group_1033.class.I.SAM.dependent.methyltransferase",0.269786117939351
"trbE.Conjugal.transfer.protein.TrbE",0.269786117939351
"ydfA.YdfA.protein",0.269786117939351
"repA2.Replication.regulatory.protein.repA2",0.269786117939351
"yacA.YacA",0.269786117939351
"relE.Addiction.module.toxin.RelE",0.269786117939351
"group_956.type.F.conjugative.transfer.system.pilin.chaperone.TraQ",0.269786117939351
"yubO.Uncharacterized.protein.YubO",0.269786117939351
"trbJ.P.type.conjugative.transfer.protein.TrbJ",0.269786117939351
"group_915.Class.I.SAM.dependent.methyltransferase",0.269786117939351
"group_905.Conjugative.transfer.protein",0.269786117939351
"group_904.DUF2689.domain.containing.protein",0.269786117939351
"traL.type.IV.conjugative.transfer.system.protein.TraL",0.269786117939351
"group_845.conjugal.transfer.protein.TrbA",0.269786117939351
"stbB.Protein.StbB",0.269786117939351
"cmi.colicin.M.immunity.protein",0.269786117939351
"traA.type.IV.conjugative.transfer.system.pilin.TraA",0.269786117939351
"traM.conjugal.transfer.relaxosome.DNA.binding.protein.TraM",0.269786117939351
"group_769.hypothetical.protein",0.269786117939351
"trbI.type.F.conjugative.transfer.system.protein.TrbI",0.269786117939351
"traY.conjugal.transfer.relaxosome.DNA.bindin.protein.TraY",0.269786117939351
"group_698.conjugation.system.SOS.inhibitor.PsiB",0.269786117939351
"traS.conjugal.transfer.entry.exclusion.protein.TraS",0.269786117939351
"yubQ.X.polypeptide",0.269786117939351
"group_608.ParB.Sulfiredoxin.domain.containing.protein",0.269786117939351
"group_606.type.IV.conjugative.transfer.system.lipoprotein.TraV",0.269786117939351
"cbi.colicin.B.immunity.protein",0.269786117939351
"group_583.Single.stranded.DNA.binding.protein",0.269786117939351
"group_577.type.F.conjugative.transfer.system.pilin.assembly.thiol.disulfide.isomerase.TrbB",0.269786117939351
"group_554.type.IV.conjugative.transfer.system.protein.TraE",0.269786117939351
"group_543.conjugal.transfer.pilus.stabilizing.protein.TraP",0.269786117939351
"group_516.DUF2726.domain.containing.protein",0.269786117939351
"group_473.type.F.conjugative.transfer.system.protein.TraW",0.269786117939351
"group_470.type.F.conjugative.transfer.system.pilin.assembly.protein.TrbC",0.269786117939351
"group_425.conjugal.transfer.transcriptional.regulator.TraJ",0.269786117939351
"psiA.Protein.PsiA",0.269786117939351
"traK.type.F.conjugative.transfer.system.secretin.TraK",0.269786117939351
"group_376.type.F.conjugative.transfer.system.pilin.assembly.protein.TraF",0.269786117939351
"traX.conjugal.transfer.pilus.acetylase.TraX",0.269786117939351
"yubP.UPF0380.protein.YubP",0.269786117939351
"stbA.plasmid.segregation.protein.ParM",0.269786117939351
"group_230.conjugal.transfer.pilus.assembly.protein.TraU",0.269786117939351
"traH.conjugal.transfer.pilus.assembly.protein.TraH",0.269786117939351
"traB.F.type.conjugal.transfer.pilus.assembly.protein.TraB",0.269786117939351
"cba.pore.forming.bacteriocin.colicin.B",0.269786117939351
"traN.type.F.conjugative.transfer.system.mating.pair.stabilization.protein.TraN",0.269786117939351
"yubM.Uncharacterized.protein.YubM",0.269786117939351
"traD.type.IV.conjugative.transfer.system.coupling.protein.TraD",0.269786117939351
"traC.type.IV.secretion.system.protein.TraC",0.269786117939351
"traG.conjugal.transfer.mating.pair.stabilization.protein.TraG",0.269786117939351
"traI.conjugative.transfer.relaxase.helicase.TraI",0.269786117939351
"group_1649.Ail.Lom.family.protein",-0.248838395177539
"group_1739.Host.specificity.protein.J",-0.248838395177539
"group_2313.Antitermination.protein.Q",0.236914960281215
"group_1559.Protein.ninH",0.236914960281215
"group_2502.Phage.protein",0.236914960281215
"group_2501.Phage.protein",0.236914960281215
"group_2499.serum.resistance.lipoprotein.Bor",0.236914960281215
"group_2498.Spanin.inner.membrane.subunit",0.236914960281215
"group_2497.Inner.membrane.protein",0.236914960281215
"group_2496.Antirepressor.protein.ant.N.terminal.domain.containing.protein",0.236914960281215
"group_2495.SAR.endolysin",0.236914960281215
"group_2494.Holin",0.236914960281215
"group_2493.DUF1737.domain.containing.protein",0.236914960281215
"group_2492.Shiga.toxin.Stx2a.subunit.B",0.236914960281215
"group_2491.Unassigned.protein",0.236914960281215
"group_2490.Bacteriocin",0.236914960281215
"group_2489.Unassigned.protein",0.236914960281215
"group_2488.DNA.transfer.protein",0.236914960281215
"group_2487.N.acetyltransferase",0.236914960281215
"group_2486.Small.toxic.polypeptide",0.236914960281215
"group_2485.Terminase.small.subunit..Partial.",0.236914960281215
"group_2484.Large.subunit.terminase",0.236914960281215
"group_2483.WH2.domain.containing.protein",0.236914960281215
"group_2482.hypothetical.protein",0.236914960281215
"group_1078.hypothetical.protein",0.236914960281215
"group_1058.Tail.fiber.protein.of.bacteriophage.BP.933W",0.236914960281215
"group_919.Fimbrial.protein",0.236914960281215
"group_914.hypothetical.protein",0.236914960281215
"group_875.hypothetical.protein",0.236914960281215
"group_740.hypothetical.protein",0.236914960281215
"group_697.hypothetical.protein",0.236914960281215
"group_650.internal.virion.protein",0.236914960281215
"group_597.internal.virion.protein",0.236914960281215
"group_532.hypothetical.protein",0.236914960281215
"group_363.hypothetical.protein",0.236914960281215
"stxA2.Shiga.toxin.Stx2c.subunit.A",0.236914960281215
"group_179.N4.gp56.family.major.capsid.protein",0.236914960281215
"group_1.Large.polyvalent.protein.associated.domain.containing.protein",0.236914960281215
"group_2414.Prophage.protein.Bacteriophage.protein",-0.22227944767322
"group_2211.Carbohydrate.transporter",0.220947627570348
"group_1831.Glycosyltransferase.family.1.protein",0.220947627570348
"group_2481.incFII.family.plasmid.replication.initiator.RepA",0.218810148742296
"group_2480.Positive.regulator.of.RepFIC.repA1.expression",0.218810148742296
"group_2410.Fertility.inhibition.protein",0.218810148742296
"group_2359.Transposase",0.218810148742296
"group_1892.Gene.expression.modulator",0.218810148742296
"group_1890.Uncharacterized.endonuclease",0.218810148742296
"group_1859.AreA",0.218810148742296
"cptA.phosphoethanolamine.transferase.CptA.Inner.membrane.protein",0.210549087552093
"group_2194.Terminase.large.subunit..Gp2..Phage.terminase.large.subunit.family.protein",0.203211806018519
"group_1285.hypothetical.protein",0.20035170611941
"group_1673.SAR.endolysin",-0.193772161001773
"group_1626.Holin",-0.193772161001773
"group_1512.DUF1327.domain.containing.protein",-0.193772161001773
"group_1563.DUF1378.domain.containing.protein",0.183198808128538
"group_2380.hypothetical.protein.TraI.like.middle.domain.containing.protein",-0.18104374905711
"group_2358.Transporter.hypothetical.protein",-0.18104374905711
"group_2253.hypothetical.protein.YopT.type.cysteine.protease.domain.containing.protein.TcdA.TcdB.catalytic.glycosyltransferase.domain.containing.protein.toxin.B.Glycosyltransferase.sugar.binding.region.containing.DXD.motif.family.protein",-0.18104374905711
"group_2223.Transposase",-0.18104374905711
"group_2222.TolA.family.protein",-0.18104374905711
"group_1886.conjugal.transfer.pilus.acetylase.TraX",-0.18104374905711
"group_1885.AAA.family.ATPase",-0.18104374905711
"group_1878.Transposase",-0.18104374905711
"group_1863.Methyltransferase.small.domain.containing.protein",-0.18104374905711
"group_1883.Transposase",-0.18104374905711
"group_1881.Transposase",-0.18104374905711
"flmC.Protein.FlmC",-0.18104374905711
"group_1874.Protein.PsiA",-0.18104374905711
"group_1870.Uncharacterized.protein.YubM",-0.18104374905711
"group_1868.UPF0401.protein.YubL",-0.18104374905711
"group_1866.Single.stranded.DNA.binding.protein",-0.18104374905711
"group_1872.conjugation.system.SOS.inhibitor.PsiB",-0.18104374905711
"group_2471.DedA.family.protein.DUF6404.domain.containing.protein",0.178682219371306
"group_2461.YdeA.protein",0.178682219371306
"group_2292.Resolvase",0.178682219371306
"group_735.YedA.protein",0.178682219371306
"group_2666.Conjugal.transfer.outer.membrane.protein.TraH",-0.17838329531912
"group_2665.hypothetical.protein",-0.17838329531912
"group_2664.TraF.protein",-0.17838329531912
"group_2662.Lytic.transglycosylase.domain.containing.protein",-0.17838329531912
"group_2661.YgeA",-0.17838329531912
"group_2660.Conjugal.transfer.protein.TraK",-0.17838329531912
"group_2659.hypothetical.protein",-0.17838329531912
"group_2658.plasmid.replication.initiator.RepA",-0.17838329531912
"group_2655.Conjugal.transfer.protein",-0.17838329531912
"hicB...copG.Antitoxin.HicB.CopG.family.transcriptional.regulator",-0.17838329531912
"group_2653.Toxin.co.regulated.pilus.biosynthesis.protein.Q.C.terminal.domain.containing.protein",-0.17838329531912
"group_2651.Conjugal.transfer.prepropilin.TraC",-0.17838329531912
"virB11.P.type.DNA.transfer.ATPase.VirB11",-0.17838329531912
"pilV.shufflon.system.plasmid.conjugative.transfer.pilus.tip.adhesin.PilV.Bacterial.shufflon.protein.N.terminal.domain.containing.protein",-0.17838329531912
"group_2650.hypothetical.protein",-0.17838329531912
"group_2649.Membrane.protein",-0.17838329531912
"group_2648.Type.4.secretion.system.PilS.N.terminal.domain.containing.protein",-0.17838329531912
"group_2646.YahA",-0.17838329531912
"group_2644.Prophage.protein",-0.17838329531912
"yajA.YajA.protein",-0.17838329531912
"group_2643.YagA.protein",-0.17838329531912
"eexN.EexN.family.lipoprotein",-0.17838329531912
"group_2641.YddA.protein",-0.17838329531912
"group_2640.CPBP.family.intramembrane.metalloprotease",-0.17838329531912
"yhaA.YhaA.protein",-0.17838329531912
"group_2639.DUF1187.domain.containing.protein",-0.17838329531912
"yaiB.YaiB.protein",-0.17838329531912
"group_2638.Type.IV.pilus.biogenesis.protein.PilP",-0.17838329531912
"group_2636.ATPase.T2SS.T4P.T4SS.family",-0.17838329531912
"group_2635.Endonuclease",-0.17838329531912
"group_2632.Conjugal.transfer.protein",-0.17838329531912
"group_2631.PilR.protein",-0.17838329531912
"pilO.PilO",-0.17838329531912
"group_2628.PilM",-0.17838329531912
"group_2627.Shufflon.specific.DNA.recombinase",-0.17838329531912
"group_2623.PilN.family.type.IVB.pilus.formation.outer.membrane.protein",-0.17838329531912
"group_2622.Protein.QmcA",-0.17838329531912
"group_2621.Conjugal.transfer.protein.TraG",-0.17838329531912
"cbiX.Cobalamin.biosynthesis.protein.CbiX",-0.17838329531912
"group_2620.Conjugal.transfer.protein.TraI",-0.17838329531912
"yggB.YggB.protein",-0.17838329531912
"hopD.Leader.peptidase.HopD",-0.17838329531912
"group_2617.hypothetical.protein",-0.17838329531912
"group_2615.Hemolysin.expression.modulator.Hha",-0.17838329531912
"group_2614.hypothetical.protein",-0.17838329531912
"group_2613.DNA.topoisomerase",-0.17838329531912
"group_2612.YaiA.protein",-0.17838329531912
"group_2610.Conjugal.transfer.protein.TrbJ",-0.17838329531912
"yafA...yceB.Protein.YafA.YceB.protein",-0.17838329531912
"group_2609.Replication.initiation.leader.protein",-0.17838329531912
"group_2608.CaiF.GrlA.family.transcriptional.regulator",-0.17838329531912
"group_2607.CopG.family.transcriptional.regulator",-0.17838329531912
"group_2606.Conjugal.transfer.protein.TraD",-0.17838329531912
"group_2605.Conjugal.transfer.protein",-0.17838329531912
"group_2604.DUF1187.domain.containing.protein",-0.17838329531912
"yebA.YebA.protein",-0.17838329531912
"group_2602.Modulator.protein",-0.17838329531912
"group_2599.Inner.membrane.protein",-0.17838329531912
"group_2597.Nickel.transporter.permease.subunit.B",-0.17838329531912
"kikA.IncN.plasmid.KikA.protein",-0.17838329531912
"group_2596.ProQ.FinO.domain.containing.protein",-0.17838329531912
"group_2595.Peptidyl.arginine.deiminase",-0.17838329531912
"group_2663.YciA.protein",-0.17838329531912
"group_2654.Transposase",-0.17838329531912
"group_2652.Exodeoxyribonuclease.V.subunit.beta",-0.17838329531912
"ycgC.YcgC.protein",-0.17838329531912
"group_2642.Transcriptional.regulator",-0.17838329531912
"group_2637.Addiction.module.toxin.HicA.family",-0.17838329531912
"group_2633.Bacterial.mobilization.protein..MobC.",-0.17838329531912
"group_2630.hypothetical.protein.Prophage.protein",-0.17838329531912
"group_2619.Phage.protein",-0.17838329531912
"group_2618.Integral.membrane.protein",-0.17838329531912
"group_2601.Phage.tail.protein",-0.17838329531912
"group_2140.Derepression.protein",0.166994834074585
"group_2139.Major.tail.tube.protein.FII.phage.major.tail.tube.protein",0.166994834074585
"group_2138.Tail.fiber.component.of.prophage.CP.933T",0.166994834074585
"group_2128.Tail.fiber.protein.of.prophage.CP.933T.Phage.tail.tape.measure.protein.domain.containing.protein",0.166994834074585
"tnp...insI1.IS30.family.transposase.IS30.family.IS30.transposase",0.166994834074585
"group_1297.Prophage.membrane.protein",0.166994834074585
"group_1141.DNA.binding.protein",0.166994834074585
"group_1140.hypothetical.protein",0.166994834074585
"group_1044.DUF4754.domain.containing.protein",0.166994834074585
"group_1005.MarR.family.transcriptional.regulator",0.166994834074585
"group_973.Prophage.protein",0.166994834074585
"group_921.Ead.Ea22.like.family.protein",0.166994834074585
"group_896.Peptide.transporter",0.166994834074585
"group_876.Tail.assembly.protein.of.prophage.CP.933T",0.166994834074585
"group_839.DUF2511.domain.containing.protein",0.166994834074585
"group_829.DUF4761.domain.containing.protein",0.166994834074585
"group_796.Phage.protein",0.166994834074585
"group_795.Phage.tail.protein.E",0.166994834074585
"group_745.Transcriptional.regulator",0.166994834074585
"group_726.Prophage.protein",0.166994834074585
"group_725.Tail.fiber.assembly.protein.of.prophage.CP.933T",0.166994834074585
"group_633.Phage.tail.protein",0.166994834074585
"group_537.Serine.acetyltransferase",0.166994834074585
"group_456.Transmembrane.protein",0.166994834074585
"parM.Plasmid.segregation.protein.parM..Protein.stbA...ParA.locus.protein.",0.166994834074585
"group_227.Integrase",0.166994834074585
"group_147.Major.tail.sheath.protein.FI",0.166994834074585
"group_21.Phage.replication.protein",0.166994834074585
"group_2449.phage.tail.tip.protein.Putative.host.specificity.protein",-0.166994834074585
"group_173.exonuclease",0.166994834074585
"group_2432.Uncharacterized.protein.YubB.DUF1281.domain.containing.protein.hypothetical.protein",-0.166404711109951
"group_1717.Minor.tail.protein",-0.164290593946719
"group_1891.Gene.expression.modulator",0.163786657306934
"group_1861.DUF3560.domain.containing.protein",0.163786657306934
"ydaB.YdaB",0.163786657306934
"group_2657.Shufflon.protein",-0.163786657306934
"group_2600.IS3.family.IS629.transposase.ORF.B",-0.163786657306934
"group_2598.IS3.family.IS629.transposase.ORF.A",-0.163786657306934
"repZ.Initiation.protein.regulator.of.RepZ",-0.163786657306934
"dqlB.Damage.inducible.protein",-0.163786657306934
"group_1315.hypothetical.protein",-0.163786657306934
"group_1291.hypothetical.protein",-0.163786657306934
"group_1259.hypothetical.protein",-0.163786657306934
"group_1249.Protein.PndA",-0.163786657306934
"group_1237.hypothetical.protein",-0.163786657306934
"group_1214.hypothetical.protein",-0.163786657306934
"group_1201.Transposase..putative..YhgA.like.domain.containing.protein",-0.163786657306934
"group_1183.putative.conjugal.transfer.protein.TraS",-0.163786657306934
"group_1130.HEAT.repeat.domain.containing.protein",-0.163786657306934
"yubL.UPF0401.protein.YubL",-0.163786657306934
"impC.Protein.ImpC",-0.163786657306934
"group_1032.XRE.family.transcriptional.regulator",-0.163786657306934
"pndA.PndA",-0.163786657306934
"pilI.Conjugative.transfer.protein.PilI",-0.163786657306934
"group_1026.YdfA.protein",-0.163786657306934
"yaeB.YaeB.protein",-0.163786657306934
"group_1008.YDFB.protein",-0.163786657306934
"group_948.IncI1.plasmid.conjugative.transfer.protein.TraA",-0.163786657306934
"group_942.Conjugal.transfer.protein",-0.163786657306934
"pilJ.PilJ",-0.163786657306934
"group_907.Molecular.chaperone.GroEL",-0.163786657306934
"group_868.IncI1.type.relaxosome.accessory.protein.NikA",-0.163786657306934
"group_865.Colicin.Ia.immunity.protein",-0.163786657306934
"mobC.Molybdopterin.guanine.dinucleotide.biosynthesis.protein.MobC",-0.163786657306934
"group_844.Conjugal.transfer.protein",-0.163786657306934
"traR.IncI1.type.conjugal.transfer.protein.TraR",-0.163786657306934
"parB.ParB",-0.163786657306934
"psiB.conjugation.system.SOS.inhibitor.PsiB",-0.163786657306934
"pndC.Post.segregation.killing.protein.PndC",-0.163786657306934
"pilM.PilM",-0.163786657306934
"impA.Protein.ImpA",-0.163786657306934
"group_690.single.stranded.DNA.binding.protein",-0.163786657306934
"pilP.PilP",-0.163786657306934
"yafA.Protein.YafA",-0.163786657306934
"group_620.DUF1472.domain.containing.protein",-0.163786657306934
"traQ.conjugal.transfer.protein.TraQ",-0.163786657306934
"group_590.NusG.like.N.terminal.domain.containing.protein",-0.163786657306934
"group_572.TraD",-0.163786657306934
"group_571.phospholipase.D",-0.163786657306934
"group_562.Lytic.transglycosylase",-0.163786657306934
"group_526.IncI1.conjugal.transfer.protein.TraG",-0.163786657306934
"group_525.IncI1.type.conjugal.transfer.protein.TraX",-0.163786657306934
"pilK.PilK",-0.163786657306934
"ygaA.YgaA",-0.163786657306934
"group_507.DUF4942.domain.containing.protein",-0.163786657306934
"group_501.ProQ.FinO.domain.containing.protein",-0.163786657306934
"pilS.Type.4.secretion.system.PilS.N.terminal.domain.containing.protein",-0.163786657306934
"traV.IncI1.type.conjugal.transfer.protein.TraV",-0.163786657306934
"group_466.Plasmid.partitioning.and.stability.protein",-0.163786657306934
"excA.plasmid.IncI1.type.surface.exclusion.protein.ExcA",-0.163786657306934
"pilU.IncI1.conjugal.transfer.prepilin.peptidase.PilU",-0.163786657306934
"group_428.Conjugal.transfer.protein.TraC",-0.163786657306934
"group_419.Conjugal.transfer.protein",-0.163786657306934
"traP.IncI1.type.conjugal.transfer.protein.TraP",-0.163786657306934
"group_398.Plasmid.SOS.inhibition.protein.A",-0.163786657306934
"traT.IncI1.type.conjugal.transfer.protein.TraT",-0.163786657306934
"group_328.IncI1.type.conjugal.transfer.lipoprotein.TraI",-0.163786657306934
"traE.Conjugal.transfer.protein.TraE",-0.163786657306934
"group_287.Transposase..putative..YhgA.like.domain.containing.protein",-0.163786657306934
"group_275.hypothetical.protein",-0.163786657306934
"parA.ParA",-0.163786657306934
"group_233.IncI1.type.conjugal.transfer.protein.TraN",-0.163786657306934
"pilL.type.IV.pilus.biogenesis.lipoprotein.PilL",-0.163786657306934
"trbB.IncI1.type.conjugal.transfer.protein.TrbB",-0.163786657306934
"repA.plasmid.replication.initiator.RepA",-0.163786657306934
"pilR.Conjugative.transfer.inner.membrane.protein.PilR",-0.163786657306934
"traJ.plasmid.transfer.ATPase.TraJ",-0.163786657306934
"rci.Shufflon.specific.DNA.recombinase",-0.163786657306934
"traF.Conjugal.transfer.protein.TraF",-0.163786657306934
"traW.IncI1.type.conjugal.transfer.protein.TraW",-0.163786657306934
"trbA.IncI1.type.conjugal.transfer.protein.TrbA",-0.163786657306934
"impB.Protein.ImpB",-0.163786657306934
"traO.conjugal.transfer.protein.TraO",-0.163786657306934
"pilO2.Type.4b.pilus.protein.PilO2",-0.163786657306934
"yagA.YagA",-0.163786657306934
"group_103.Shufflon.protein.A",-0.163786657306934
"group_77.ATP.binding.protein",-0.163786657306934
"pilN.PilN.family.type.IVB.pilus.formation.outer.membrane.protein",-0.163786657306934
"cia.Colicin.Ia",-0.163786657306934
"ltrA.group.II.intron.reverse.transcriptase.maturase",-0.163786657306934
"group_48.ParB.Sulfiredoxin.domain.containing.protein",-0.163786657306934
"group_42.DotA.TraY.family.protein",-0.163786657306934
"trbC.F.type.conjugative.transfer.protein.TrbC",-0.163786657306934
"nikB.IncI1.type.relaxase.NikB",-0.163786657306934
"traU.IncI1.type.conjugal.transfer.protein.TraU",-0.163786657306934
"group_10.DNA.primase",-0.163786657306934
"group_2318.Inner.membrane.protein",-0.162313231337514
"group_1736.TciB.TerA.like.protein",-0.162313231337514
"group_1712.Prophage.protein",-0.162313231337514
"group_1677.DUF3950.domain.containing.protein",-0.162313231337514
"group_1671.DUF1737.domain.containing.protein",-0.162313231337514
"group_1579.Spanin.inner.membrane.subunit",-0.162313231337514
"group_1572.Antirepressor",-0.162313231337514
"group_1155.Lipoprotein",-0.162313231337514
"group_1114.Type.I.toxin.antitoxin.system.Hok.family.toxin",-0.162313231337514
"group_1076.Phage.protein",-0.162313231337514
"group_992.Prophage.protein",-0.162313231337514
"group_959.DNA.binding.protein",-0.162313231337514
"group_908.Crossover.junction.endodeoxyribonuclease.rusA",-0.162313231337514
"group_899.Prophage.protein",-0.162313231337514
"group_849.Protein.YgiW",-0.162313231337514
"group_702.Co.chaperone.DjlA.N.terminal.domain.containing.protein",-0.162313231337514
"group_663.Replication.protein",-0.162313231337514
"group_566.DUF1133.domain.containing.protein",-0.162313231337514
"group_563.DUF551.domain.containing.protein",-0.162313231337514
"group_517.ARAC.type.regulatory.protein.from.phage.origin",-0.162313231337514
"group_399.DUF1627.domain.containing.protein",-0.162313231337514
"group_206.HNH.nuclease.domain.containing.protein",-0.162313231337514
"group_2338.phage.portal.protein",-0.162313231337514
"nleG24.DUF1076.domain.containing.protein",-0.162313231337514
"group_2132.Host.specificity.protein.J.Putative.host.specificity.protein",-0.162313231337514
"group_1738.Type.III.secretion.system.effector.NleG7.E3.Ubiquitin.Ligase",-0.162313231337514
"group_1726.Phage.tail.protein",-0.162313231337514
"group_1725.Bacteriophage.933W.L0121.tail.fibre.C.terminal.domain.containing.protein",-0.162313231337514
"group_1707.Phage.minor.tail.protein",-0.162313231337514
"group_1687.phage.major.capsid.protein",-0.162313231337514
"group_1684.Terminase.large.subunit",-0.162313231337514
"group_1617.DUF1482.domain.containing.protein",-0.162313231337514
"group_1458.IS66.like.element.accessory.protein.TnpA",-0.162313231337514
"group_1446.IS66.family.insertion.sequence.element.accessory.protein.TnpB",-0.162313231337514
"group_1433.IS66.family.ISEc8.transposase",-0.162313231337514
"group_1260.hypothetical.protein",-0.162313231337514
"group_1178.Cell.division.inhibition.protein",-0.162313231337514
"group_1125.hypothetical.protein",-0.162313231337514
"group_1060.Prophage.protein",-0.162313231337514
"dicC.DNA.binding.transcriptional.regulator.DicC",-0.162313231337514
"group_859.LexA.repressor",-0.162313231337514
"group_717.Mutator.family.transposase",-0.162313231337514
"group_708.Bacterial.toxin.YdaT.domain.containing.protein",-0.162313231337514
"intQ.Putative.defective.protein.IntQ",-0.162313231337514
"group_468.Ybl81",-0.162313231337514
"group_297.IS256.family.transposase",-0.162313231337514
"dnaT.DnaT.DNA.binding.domain.containing.protein",-0.162313231337514
"group_134.Exodeoxyribonuclease.8",-0.162313231337514
"group_1703.Putative.tail.component",-0.162313231337514
"group_1723.DinI.like.protein.Z2083.ECs2153",-0.162313231337514
"group_1681.Phage.terminase.small.subunit",-0.162313231337514
"group_2212.serine.protease.autotransporter.EspP.hypothetical.protein",-0.15535796039968
"group_2219.Type.II.secretion.system.protein.M",0.14468579450996
"gspL.type.II.secretion.system.protein.GspL",0.14468579450996
"gspK.type.II.secretion.system.minor.pseudopilin.GspK",0.14468579450996
"group_2431.Putative.methylase.YubD.Methyltransferase",0.139217346466103
"group_2430.Cytoplasmic.protein",0.139217346466103
"group_2427.DUF1380.domain.containing.protein.Uncharacterized.protein.YubF",0.139217346466103
"group_1862.DUF3560.domain.containing.protein",0.139217346466103
"group_1860.YdaB",0.139217346466103
"yubG...ychA.Uncharacterized.protein.YubG.YchA",0.139217346466103
"group_2409.DUF1472.domain.containing.protein.KlcA.antirestriction.protein",0.139217346466103
"group_2357.Collagenase.protease.Uncharacterized.protein.YubJ",0.139217346466103
"group_2435.IS629.ORF2.IS3.family.transposase.IS3.family.IS629.transposase.ORF.B",-0.13307137544377
"group_2225.Superfamily.I.DNA.helicase.Prophage.protein",0.132116822749752
"group_2101.hypothetical.protein",0.132116822749752
"group_1898.Phage.protein",0.132116822749752
"group_1143.Phage.protein",0.132116822749752
"group_687.hypothetical.protein",0.132116822749752
"group_322.DUF2303.domain.containing.protein",0.132116822749752
"group_294.Phosphoadenosine.phosphosulphate.reductase.domain.containing.protein",0.132116822749752
"group_258.Ead.Ea22.like.family.protein",0.132116822749752
"group_1611.IS3.family.IS629.transposase.ORF.A",0.132041584519593
"group_1834.lauroyl.Kdo.2..lipid.IV.A..myristoyltransferase",-0.130210186676291
"group_1494.IS3.family.IS1203.transposase.ORF.A",0.130018180155723
"group_2397.phage.minor.tail.protein.L",0.130018180155723
"group_1478.IS3.family.IS1203.transposase.ORF.B",0.130018180155723
"group_2327.Tail.assembly.protein.Putative.tail.component",0.130018180155723
"group_2381.Phage.tail.tape.measure.protein.phage.tail.tape.measure.protein.Tail.length.tape.measure.protein.Putative.tail.component",-0.124761616435652
"group_2564.preprotein.translocase.subunit.SecE",-0.123653808749303
"group_2563.transcription.termination.antitermination.protein.NusG",-0.123653808749303
"group_2562.50S.ribosomal.protein.L11",-0.123653808749303
"group_2561.50S.ribosomal.protein.L1",-0.123653808749303
"group_2560.50S.ribosomal.protein.L10",-0.123653808749303
"group_2559.50S.ribosomal.protein.L7.L12",-0.123653808749303
"group_2558.DNA.directed.RNA.polymerase.subunit.beta.RpoB",-0.123653808749303
"group_2557.DNA.directed.RNA.polymerase.subunit.beta.",-0.123653808749303
"group_2556.Thiamin.biosynthesis.protein.ThiH",-0.123653808749303
"group_2555.2.iminoacetate.synthase.ThiH",-0.123653808749303
"group_2554.thiazole.synthase",-0.123653808749303
"group_2553.sulfur.carrier.protein.ThiS",-0.123653808749303
"group_2552.thiazole.biosynthesis.adenylyltransferase.ThiF",-0.123653808749303
"group_2551.thiamine.phosphate.synthase",-0.123653808749303
"group_2550.phosphomethylpyrimidine.synthase.ThiC",-0.123653808749303
"group_2549.sigma.D.regulator",-0.123653808749303
"group_2548.NAD....diphosphatase",-0.123653808749303
"group_2547.uroporphyrinogen.decarboxylase",-0.123653808749303
"group_2546.deoxyribonuclease.V",-0.123653808749303
"group_2545.Uncharacterized.protein.YjaG",-0.123653808749303
"group_2544.nucleoid.associated.protein.HU.alpha",-0.123653808749303
"group_2543.Uncharacterized.protein.YjaH",-0.123653808749303
"group_2542.zinc.resistance.sensor.chaperone.ZraP",-0.123653808749303
"group_2541.Zinc.resistance.associated.protein",-0.123653808749303
"group_2540.two.component.system.sensor.histidine.kinase.ZraS",-0.123653808749303
"group_2539.sigma.54.dependent.response.regulator.transcription.factor.ZraR",-0.123653808749303
"group_2538.Phosphoribosylamine..glycine.ligase",-0.123653808749303
"group_2537.bifunctional.phosphoribosylaminoimidazolecarboxamide.formyltransferase.IMP.cyclohydrolase",-0.123653808749303
"group_2536.UDP.N.acetylmuramate.dehydrogenase",-0.123653808749303
"group_2535.bifunctional.biotin...acetyl.CoA.carboxylase..ligase.biotin.operon.repressor.BirA",-0.123653808749303
"group_2534.type.I.pantothenate.kinase",-0.123653808749303
"group_2533.translation.elongation.factor.EF.Tu.1",-0.123653808749303
"group_2532.preprotein.translocase.subunit.SecE",-0.123653808749303
"group_2531.transcription.termination.antitermination.protein.NusG",-0.123653808749303
"group_2530.50S.ribosomal.protein.L11",-0.123653808749303
"group_2529.50S.ribosomal.protein.L1",-0.123653808749303
"group_2528.50S.ribosomal.protein.L10",-0.123653808749303
"group_2527.50S.ribosomal.protein.L7.L12",-0.123653808749303
"group_2526.DNA.directed.RNA.polymerase.subunit.beta.RpoB",-0.123653808749303
"group_2525.DNA.directed.RNA.polymerase.subunit.beta.",-0.123653808749303
"group_2524.Thiamin.biosynthesis.protein.ThiH",-0.123653808749303
"group_2523.2.iminoacetate.synthase.ThiH",-0.123653808749303
"group_2522.thiazole.synthase",-0.123653808749303
"group_2521.sulfur.carrier.protein.ThiS",-0.123653808749303
"group_2520.thiazole.biosynthesis.adenylyltransferase.ThiF",-0.123653808749303
"group_2519.thiamine.phosphate.synthase",-0.123653808749303
"group_2518.phosphomethylpyrimidine.synthase.ThiC",-0.123653808749303
"group_2517.sigma.D.regulator",-0.123653808749303
"group_2516.NAD....diphosphatase",-0.123653808749303
"group_2515.uroporphyrinogen.decarboxylase",-0.123653808749303
"group_2514.deoxyribonuclease.V",-0.123653808749303
"group_2513.Uncharacterized.protein.YjaG",-0.123653808749303
"group_2512.nucleoid.associated.protein.HU.alpha",-0.123653808749303
"group_2511.Uncharacterized.protein.YjaH",-0.123653808749303
"group_2510.zinc.resistance.sensor.chaperone.ZraP",-0.123653808749303
"group_2509.Zinc.resistance.associated.protein",-0.123653808749303
"group_2508.two.component.system.sensor.histidine.kinase.ZraS",-0.123653808749303
"group_2507.sigma.54.dependent.response.regulator.transcription.factor.ZraR",-0.123653808749303
"group_2506.Phosphoribosylamine..glycine.ligase",-0.123653808749303
"group_2505.bifunctional.phosphoribosylaminoimidazolecarboxamide.formyltransferase.IMP.cyclohydrolase",-0.123653808749303
"group_2504.type.I.pantothenate.kinase",-0.123653808749303
"group_2503.translation.elongation.factor.EF.Tu.1",-0.123653808749303
"group_1108.biotin...biotin.carboxyl.carrier.protein..ligase",-0.123653808749303
"murB.UDP.N.acetylmuramate.dehydrogenase",-0.123653808749303
"group_414.Bifunctional.protein..includes..biotin.operon.repressor.biotin..acetyl.CoA.carboxylase.synthetase.",-0.123653808749303
"group_390.UDP.N.acetylenolpyruvoylglucosamine.reductase",-0.123653808749303
"espP.autotransporter.outer.membrane.beta.barrel.domain.containing.protein.serine.protease.autotransporter.EspP",0.11742785328679
"group_1842.IS3.family.IS911.transposase.ORF.A",0.117369778888814
"gspS.GspS.family.T2SS.pilot.lipoprotein.variant.EptO",0.117369778888814
"group_1840.Prepilin.leader.peptidase.N.methyltransferase",0.117369778888814
"group_2355.hypothetical.protein.type.II.secretion.system.minor.pseudopilin.GspJ",0.117369778888814
"group_2215.type.II.secretion.system.ATPase.GspE",0.117369778888814
"gspI.type.II.secretion.system.minor.pseudopilin.GspI",0.117369778888814
"gspH.type.II.secretion.system.minor.pseudopilin.GspH",0.117369778888814
"gspG.type.II.secretion.system.major.pseudopilin.GspG",0.117369778888814
"gspF.type.II.secretion.system.inner.membrane.protein.GspF",0.117369778888814
"group_1836.Transposase",-0.117369778888814
"group_2251.General.secretory.pathway.protein.E.type.II.secretion.system.ATPase.GspE",-0.117369778888814
"gspJ.type.II.secretion.system.minor.pseudopilin.GspJ",-0.117369778888814
"group_2246.General.secretion.pathway.protein.F.type.II.secretion.system.inner.membrane.protein.GspF",-0.117369778888814
"group_2217.Type.II.secretion.system.protein.I.type.II.secretion.system.minor.pseudopilin.GspI",-0.117369778888814
"group_2216.type.II.secretion.system.major.pseudopilin.GspG",-0.117369778888814
"group_1838.type.II.secretion.system.minor.pseudopilin.GspH",-0.117369778888814
"group_1837.type.II.secretion.system.protein.GspC",-0.117369778888814
"stcE.metalloprotease.StcE",-0.117369778888814
"group_2252.type.II.secretion.system.minor.pseudopilin.GspK.hypothetical.protein",-0.117369778888814
"group_2247.General.secretion.pathway.protein.L.type.II.secretion.system.protein.GspL",-0.117369778888814
"group_2218.Prepilin.leader.peptidase.N.methyltransferase",-0.117369778888814
"group_1843.IS3.family.IS911.transposase.ORF.A",-0.117369778888814
"group_1839.Type.II.secretion.system.protein.M",-0.117369778888814
"group_2256.type.II.toxin.antitoxin.system.toxin.CcdB",-0.117369778888814
"repA...repB.Protein.RepA.RepFIB.replication.protein.A",-0.117369778888814
"group_1854.type.II.toxin.antitoxin.system.antitoxin.CcdA",-0.117369778888814
"group_1853.KfrA.N.terminal.DNA.binding.domain.containing.protein",-0.117369778888814
"group_1852.Orf621.protein",-0.117369778888814
"group_1850.hypothetical.protein",-0.117369778888814
"group_1841.GspS.family.T2SS.pilot.lipoprotein.variant.EptO",-0.117369778888814
"putA1.Ribbon.helix.helix.protein.CopG.domain.containing.protein",-0.116867134273817
"group_1937.SAR.endolysin",-0.11133722582579
"group_1935.hypothetical.protein",-0.11133722582579
"group_1933.Phage.protein",-0.11133722582579
"group_1932.DUF1378.domain.containing.protein",-0.11133722582579
"group_1206.YlcI.YnfO.family.protein",-0.11133722582579
"group_941.Putative.prophage.protein",-0.11133722582579
"group_1808.Enterobacterial.Ail.Lom.protein",0.11133722582579
"group_2390.Tail.component.encoded.by.cryptic.prophage.CP.933M.partial.DUF1983.domain.containing.protein.Host.specificity.protein.J.host.specificity.protein.J",0.11133722582579
"group_2415.Bacteriophage.protein.Prophage.protein",0.11133722582579
"group_2412.Prophage.protein",0.11133722582579
"group_2365.Single.stranded.DNA.binding.protein",0.11133722582579
"group_1922.hypothetical.protein",0.11133722582579
"group_1912.Phage.protein",0.11133722582579
"group_2384.hypothetical.protein.AAA.family.ATPase",0.108205256948929
"group_2248.TraX.conjugal.transfer.pilus.acetylase.TraX",0.108205256948929
"group_1884.Transposase",0.108205256948929
"group_1882.Transposase",0.108205256948929
"toxB.toxin.B",0.108205256948929
"group_1880.Transposase",0.108205256948929
"group_1879.Transposase",0.108205256948929
"tolA.TolA.family.protein",0.108205256948929
"group_1877.TraI.like.middle.domain.containing.protein",0.108205256948929
"group_1876.Protein.FlmC",0.108205256948929
"group_1875.Protein.PsiA",0.108205256948929
"group_1873.conjugation.system.SOS.inhibitor.PsiB",0.108205256948929
"group_1871.Uncharacterized.protein.YubM",0.108205256948929
"group_1869.UPF0401.protein.YubL",0.108205256948929
"group_1867.Single.stranded.DNA.binding.protein",0.108205256948929
"group_1865.hypothetical.protein",0.108205256948929
"group_1864.Methyltransferase.small.domain.containing.protein",0.108205256948929
"group_1894.W0003",0.108205256948929
"group_1702.Phage.tail.assembly.chaperone",-0.107469549988697
"group_1701.Ig.like.domain.containing.protein",-0.107469549988697
"group_1690.head.tail.connector.protein",-0.107469549988697
"group_2417.Putative.tail.component",0.104605083198679
"group_2092.Membrane.protein.DUF4209.domain.containing.protein",0.104605083198679
"comF.hypothetical.protein.ComF.family.protein",0.104605083198679
"group_1459.IS66.like.element.accessory.protein.TnpA",0.104605083198679
"group_1447.IS66.family.insertion.sequence.element.accessory.protein.TnpB",0.104605083198679
"group_1434.IS66.family.ISEc8.transposase",0.104605083198679
"group_1301.hypothetical.protein",0.104605083198679
"group_1190.hypothetical.protein",0.104605083198679
"group_960.Acyl.carrier.protein",0.104605083198679
"group_901.DNA.binding.protein",0.104605083198679
"acpS2.putative.holo..acyl.carrier.protein..synthase.2",0.104605083198679
"fabZ.3.hydroxyacyl.ACP.dehydratase.FabZ.family.protein",0.104605083198679
"group_561.Fimbrial.protein",0.104605083198679
"group_559.Inovirus.Gp2.family.protein",0.104605083198679
"group_481.hypothetical.protein",0.104605083198679
"group_450.Sel1.repeat.family.protein",0.104605083198679
"group_410.Chaperone",0.104605083198679
"group_406.ABC.transporter.ATP.binding.protein",0.104605083198679
"group_359.Short.chain.dehydrogenase.reductase.family.oxidoreductase",0.104605083198679
"group_339.Outer.membrane.lipoprotein.sorting.protein",0.104605083198679
"ymdE.Putative.uncharacterized.protein.YmdE",0.104605083198679
"group_251.ATP.binding.protein",0.104605083198679
"ycdU.Uncharacterized.protein.YcdU",0.104605083198679
"group_161.Aminomethyl.transferase.family.protein",0.104605083198679
"group_144.Integrase",0.104605083198679
"group_138.Beta.ketoacyl.synthase.domain.containing.protein",0.104605083198679
"group_120.ABC.transporter.permease",0.104605083198679
"group_100.DUF3987.domain.containing.protein",0.104605083198679
"group_98.DUF3570.domain.containing.protein",0.104605083198679
"group_74.Hemolysin.activator.like.protein",0.104605083198679
"group_35.DEAD.DEAH.box.helicase",0.104605083198679
"group_27.Nodulation.protein.E",0.104605083198679
"group_9.ShlA.HecA.FhaA.exofamily.protein",0.104605083198679
"group_2469.Protein.ninG",0.104605083198679
"group_2467.Antitermination.protein.Q",0.104605083198679
"group_2261.Tail.fiber.protein.Tail.tip.fiber.protein.DUF1983.domain.containing.protein",0.104605083198679
"group_1763.Small.toxic.polypeptide",0.104605083198679
"group_420.IS3.family.transposase.ORF.B",0.104605083198679
"group_2441.Terminase",0.104605083198679
"group_2401.Phage.tail.protein.encoded.by.prophage.CP.933R.Putative.host.specificity.protein.hypothetical.protein.host.specificity.protein.J",0.104605083198679
"group_1558.Protein.ninH",0.104605083198679
"group_502.Enterobacterial.Ail.Lom.family.protein",0.104605083198679
"group_2170.inverse.autotransporter.beta.domain.containing.protein.Adhesin.Putative.invasin",0.104605083198679
"group_2423.DUF1627.domain.containing.protein",0.104605083198679
"group_2404.DUF977.domain.containing.protein",0.104605083198679
"group_2345.hypothetical.protein.DUF551.domain.containing.protein",0.104605083198679
"group_2344.Phage.protein",0.104605083198679
"group_1710.Phage.protein",0.104605083198679
"group_1486.IS3.family.IS1203.transposase.ORF.A",0.104605083198679
"group_2466.hypothetical.protein.Uncharacterized.protein.YbcK",0.104605083198679
"ren...renD.Protein.ren.Putative.protein.RenD",0.104605083198679
"group_2474.Adenine.methylase",0.104605083198679
"group_2470.DUF1627.domain.containing.protein",0.104605083198679
"group_2434.hypothetical.protein.Transcriptional.regulator",0.104605083198679
"group_2389.Excisionase",0.104605083198679
"group_2284.Phage.tail.protein.phage.tail.protein.Tail.fiber.protein",0.104605083198679
"group_2283.Unassigned.protein",0.104605083198679
"group_2275.Integrase",0.104605083198679
"group_2271.Large.polyvalent.protein.associated.domain.containing.protein",0.104605083198679
"group_1758.Bacteriocin",0.104605083198679
"group_1242.Rz1.like.lysis.system.protein.LysC",0.104605083198679
"group_1222.Phage.protein.B",0.104605083198679
"group_1145.Phage.tail.protein",0.104605083198679
"ogrK.prophage.transcriptional.regulator.OgrK",0.104605083198679
"oRF82.Uncharacterized.protein.in.gpA.5.region",0.104605083198679
"oRF80.Uncharacterized.protein.in.GpA.5.region",0.104605083198679
"group_989.Tail.assembly.protein.E",0.104605083198679
"group_988.DUF5405.domain.containing.protein",0.104605083198679
"group_987.Regulatory.protein.Cox",0.104605083198679
"group_963.Holin",0.104605083198679
"oRF81.Uncharacterized.protein.in.GpA.5.region",0.104605083198679
"group_925.Bacteriophage.P2.C.like.protein",0.104605083198679
"group_843.Baseplate.assembly.protein",0.104605083198679
"group_751.N.acetyltransferase",0.104605083198679
"lysB.Rz.like.lysis.system.protein.LysB",0.104605083198679
"group_714.Protein.lysA",0.104605083198679
"group_688.Tail.fiber.assembly.protein",0.104605083198679
"group_674.phage.virion.morphogenesis.protein",0.104605083198679
"group_657.Tail.completion.protein.R",0.104605083198679
"group_643.Phage.tail.protein",0.104605083198679
"group_623.Endolysin",0.104605083198679
"group_618.Replication.gene.B.protein",0.104605083198679
"group_610.Head.completion.stabilization.protein",0.104605083198679
"marR.MarR.family.transcriptional.regulator",0.104605083198679
"fII.phage.major.tail.tube.protein",0.104605083198679
"group_510.Resolvase.domain.containing.protein",0.104605083198679
"group_500.Putative.tail.fiber.assembly.protein",0.104605083198679
"group_491.phage.tail.protein.I",0.104605083198679
"group_471.Spike.protein",0.104605083198679
"group_451.DNA.transfer.protein",0.104605083198679
"group_375.Terminase.endonuclease.subunit",0.104605083198679
"group_305.Capsid.assembly.scaffolding.protein",0.104605083198679
"group_274.Baseplate.protein.J",0.104605083198679
"group_223.Integrase",0.104605083198679
"group_217.phage.portal.protein",0.104605083198679
"group_190.phage.major.capsid.protein.P2.family",0.104605083198679
"group_160.putative.baseplate.hub.protein",0.104605083198679
"group_146.Phage.tail.sheath.protein",0.104605083198679
"group_139.DUF676.domain.containing.protein",0.104605083198679
"group_130.Unassigned.protein",0.104605083198679
"group_62.Terminase.ATPase.subunit",0.104605083198679
"group_53.Exonuclease.SbcC",0.104605083198679
"group_38.Bacteriophage.replication.gene.A.protein",0.104605083198679
"group_31.putative.tape.measure.protein",0.104605083198679
"group_2257.phage.tail.protein",0.104605083198679
"group_1451.IS66.family.insertion.sequence.element.accessory.protein.TnpB",0.104605083198679
"group_1438.IS66.family.ISEc8.transposase",0.104605083198679
"group_2460.hypothetical.protein",0.104605083198679
"group_2459.Prophage.protein",0.104605083198679
"group_2285.hypothetical.protein.CPS.53..KpLE1..prophage.protein",0.104605083198679
"group_2226.Inner.membrane.protein",0.104605083198679
"group_2206.internal.virion.protein.Tail.fibers.protein.IgGFc.binding.protein.N.terminal.domain.containing.protein",0.104605083198679
"group_2154.RecT.family.recombinase.recombinase.RecT.Recombinational.DNA.repair.protein.RecT",0.104605083198679
"group_1944.Rz.like.spanin",0.104605083198679
"group_1918.DNA.primase",0.104605083198679
"group_1916.Bacteriophage.protein",0.104605083198679
"group_1915.hypothetical.protein",0.104605083198679
"group_1902.serum.resistance.lipoprotein.Bor",0.104605083198679
"group_1901.Spanin.inner.membrane.subunit",0.104605083198679
"group_1897.IS3.family.IS2.transposase.ORF.A",0.104605083198679
"group_1793.DUF1737.domain.containing.protein",0.104605083198679
"group_1789.Terminase.small.subunit..Partial.",0.104605083198679
"group_1787.Large.subunit.terminase",0.104605083198679
"group_1785.WH2.domain.containing.protein",0.104605083198679
"group_1783.Phage.protein",0.104605083198679
"group_1781.N4.gp56.family.major.capsid.protein",0.104605083198679
"group_1779.Capsid.and.scaffold.protein",0.104605083198679
"group_1777.Phage.protein",0.104605083198679
"group_1775.Phage.protein",0.104605083198679
"group_1773.Phage.protein",0.104605083198679
"group_1771.Bacteriophage.933W.L0121.tail.fibre.C.terminal.domain.containing.protein",0.104605083198679
"group_1768.Bacteriophage.933W.L0121.tail.fibre.C.terminal.domain.containing.protein",0.104605083198679
"group_1766.hypothetical.protein",0.104605083198679
"emrE.multidrug.efflux.SMR.transporter.EmrE",0.104605083198679
"group_1565.DUF826.domain.containing.protein",0.104605083198679
"group_1462.IS66.like.element.accessory.protein.TnpA",0.104605083198679
"group_1454.IS66.like.element.accessory.protein.TnpA",0.104605083198679
"group_1442.IS66.family.insertion.sequence.element.accessory.protein.TnpB",0.104605083198679
"group_1429.IS66.family.ISEc8.transposase",0.104605083198679
"group_1290.hypothetical.protein",0.104605083198679
"group_1262.hypothetical.protein",0.104605083198679
"group_1221.Phage.antirepressor",0.104605083198679
"group_1213.hypothetical.protein",0.104605083198679
"group_1192.Prophage.protein",0.104605083198679
"group_1173.Prophage.protein",0.104605083198679
"group_1144.Cro.Repressor",0.104605083198679
"group_1136.hypothetical.protein",0.104605083198679
"group_1128.hypothetical.protein",0.104605083198679
"group_1119.Cell.division.inhibitor.protein",0.104605083198679
"group_1118.DUF1382.domain.containing.protein",0.104605083198679
"group_1107.AlpA.family.phage.regulatory.protein",0.104605083198679
"group_1102.DUF4014.domain.containing.protein",0.104605083198679
"group_1073.Transcriptional.regulator",0.104605083198679
"group_1053.Lipoprotein",0.104605083198679
"parD.Antitoxin.ParD",0.104605083198679
"group_964.Excisionase",0.104605083198679
"group_962.AbrB.family.transcriptional.regulator",0.104605083198679
"gamL.host.nuclease.inhibitor.GamL",0.104605083198679
"group_947.Phage.protein",0.104605083198679
"group_940.PerC.family.transcriptional.regulator",0.104605083198679
"perC.PerC.family.transcriptional.regulator",0.104605083198679
"group_910.HigA.family.addiction.module.antitoxin",0.104605083198679
"group_779.ASCH.domain.containing.protein",0.104605083198679
"group_778.hypothetical.protein",0.104605083198679
"group_767.Helix.turn.helix.domain.containing.protein",0.104605083198679
"group_761.Antiterminator",0.104605083198679
"group_730.KilA.N.DNA.binding.domain.containing.protein",0.104605083198679
"group_729.ProQ.FinO.family.protein",0.104605083198679
"group_704.Regulator",0.104605083198679
"group_683.DUF1367.domain.containing.protein",0.104605083198679
"group_682.hypothetical.protein",0.104605083198679
"group_681.Single.stranded.DNA.binding.protein",0.104605083198679
"ybcL.Raf.kinase.inhibitor.like.protein.YbcL",0.104605083198679
"group_520.DUF669.domain.containing.protein",0.104605083198679
"group_490.Antirepressor.protein",0.104605083198679
"group_482.DUF551.domain.containing.protein",0.104605083198679
"group_465.IS3.family.transposase.ORF.B",0.104605083198679
"group_460.Antirepressor.protein",0.104605083198679
"group_458.hypothetical.protein",0.104605083198679
"group_435.ORF6N.domain.containing.protein",0.104605083198679
"group_424.Exonuclease",0.104605083198679
"lexA.Repressor.protein.CI",0.104605083198679
"ybcM.Uncharacterized.HTH.type.transcriptional.regulator.YbcM",0.104605083198679
"group_309.Antirepressor",0.104605083198679
"group_253.Restriction.endonuclease",0.104605083198679
"group_239.Zinc.binding.domain.primase.helicase",0.104605083198679
"group_219.hypothetical.protein",0.104605083198679
"group_195.N.acetyltransferase",0.104605083198679
"group_189.tyrosine.type.recombinase.integrase",0.104605083198679
"group_171.Inner.membrane.protein",0.104605083198679
"group_131.Integrase",0.104605083198679
"trmN6.site.specific.DNA.methyltransferase..adenine.specific.",0.104605083198679
"group_80.DEAD.DEAH.box.helicase",0.104605083198679
"group_60.DNA.primase",0.104605083198679
"group_46.Usher.protein",0.104605083198679
"group_1480.IS3.family.IS1203.transposase.ORF.B",-0.104605083198679
"group_330.autotransporter.outer.membrane.beta.barrel.domain.containing.protein",0.104605083198679
"group_1685.Terminase.large.subunit",-0.104605083198679
"group_2312.Protein.ren",-0.104605083198679
"group_2311.Protein.kil",-0.104605083198679
"group_2296.KilA.N.domain.containing.protein",-0.104605083198679
"group_2180.Restriction.alleviation.protein.Lar.family",-0.104605083198679
"group_2095.host.specificity.protein.J.Host.specificity.protein.J.Phage.host.specificity.protein",-0.104605083198679
"group_1688.phage.major.capsid.protein",-0.104605083198679
"group_1682.Phage.terminase.small.subunit",-0.104605083198679
"group_1552.Prophage.protein",-0.104605083198679
"group_1551.Phage.protein",-0.104605083198679
"group_1549.NinA.protein",-0.104605083198679
"ea10.Protein.ea10",-0.104605083198679
"cIII.Protease.inhibitor.III",-0.104605083198679
"group_1024.Bacteriophage.protein",-0.104605083198679
"group_1724.Bacteriophage.933W.L0121.tail.fibre.C.terminal.domain.containing.protein",-0.104605083198679
"group_1496.IS3.family.IS1203.transposase.ORF.A",-0.104605083198679
"group_2444.phage.portal.protein",-0.104605083198679
"group_2199.Tail.component.encoded.by.cryptic.prophage.CP.933M",-0.104605083198679
"group_1714.Phage.tail.assembly.chaperone",-0.104605083198679
"group_1706.Phage.minor.tail.protein",-0.104605083198679
"group_2198.Bacteriophage.protein",-0.104605083198679
"group_2349.prophage.tail.fiber.N.terminal.domain.containing.protein.Phage.tail.protein",-0.104605083198679
"group_1679.Putative.DNAse",-0.104605083198679
"group_2447.Putative.prophage.portal.protein.phage.portal.protein",-0.104605083198679
"racC.Protein.RacC",-0.104605083198679
"xisR.excisionase.XisR",-0.104605083198679
"intR.Prophage.integrase.IntR",-0.104605083198679
"group_2479.Protein.YehF.Transposase.AMP.nucleosidase",-0.104605083198679
"group_1958.Phage.terminase.large.subunit.family.protein",-0.104605083198679
"group_1957.Dnase",-0.104605083198679
"group_1956.Putative.tail.component",-0.104605083198679
"group_1955.Putative.tail.component",-0.104605083198679
"group_1954.Phage.protein",-0.104605083198679
"group_1952.DUF551.domain.containing.protein",-0.104605083198679
"group_1950.hypothetical.protein",-0.104605083198679
"exo.Exonuclease",-0.104605083198679
"group_1804.DUF1382.domain.containing.protein",-0.104605083198679
"nleG7.Type.III.secretion.system.effector.NleG7.E3.Ubiquitin.Ligase",-0.104605083198679
"nleG51.DUF1076.domain.containing.protein",-0.104605083198679
"group_1713.Terminase",-0.104605083198679
"group_1676.DUF3950.domain.containing.protein",-0.104605083198679
"group_1538.phage.recombination.protein.Bet",-0.104605083198679
"group_1535.DUF1317.domain.containing.protein",-0.104605083198679
"group_1532.Cell.division.protein.ZapA",-0.104605083198679
"group_1528.Phage.protein",-0.104605083198679
"group_1525.Conjugal.transfer.protein.TraR",-0.104605083198679
"group_1522.Ead.Ea22.like.family.protein",-0.104605083198679
"group_1520.Phage.protein",-0.104605083198679
"group_1518.Excisionase",-0.104605083198679
"group_1502.Serine.threonine.protein.phosphatase",-0.104605083198679
"group_1302.hypothetical.protein",-0.104605083198679
"group_1295.DUF4222.domain.containing.protein",-0.104605083198679
"group_1293.hypothetical.protein",-0.104605083198679
"group_1282.hypothetical.protein",-0.104605083198679
"group_1239.Prophage.protein",-0.104605083198679
"group_1232.non.LEE.encoded.effector.NleG",-0.104605083198679
"group_1219.Arc.like.DNA.binding.domain.containing.protein",-0.104605083198679
"group_1200.hypothetical.protein",-0.104605083198679
"group_1182.Glycosyltransferase.family.4.protein",-0.104605083198679
"group_1176.Prophage.protein",-0.104605083198679
"group_1175.Prophage.protein",-0.104605083198679
"group_1174.AlpA.family.phage.regulatory.protein",-0.104605083198679
"group_1112.hypothetical.protein",-0.104605083198679
"group_1111.Phage.protein",-0.104605083198679
"group_1110.Helix.turn.helix.domain.containing.protein",-0.104605083198679
"group_1048.hypothetical.protein",-0.104605083198679
"group_1040.hypothetical.protein",-0.104605083198679
"group_1031.hypothetical.protein",-0.104605083198679
"group_999.Antitermination.protein.N",-0.104605083198679
"group_967.hypothetical.protein",-0.104605083198679
"group_935.hypothetical.protein",-0.104605083198679
"group_930.Bacteriophage.CII.protein",-0.104605083198679
"gam.Host.nuclease.inhibitor.protein.gam",-0.104605083198679
"group_884.Arc.family.DNA.binding.protein",-0.104605083198679
"iraM.Anti.adapter.protein.IraM",-0.104605083198679
"group_851.Prophage.protein",-0.104605083198679
"group_832.terminase.large.subunit.domain.containing.protein",-0.104605083198679
"group_814.Fels.1.prophage.protein",-0.104605083198679
"group_794.Fels.1.prophage.protein",-0.104605083198679
"group_790.DUF5406.domain.containing.protein",-0.104605083198679
"group_774.manganese.catalase.family.protein",-0.104605083198679
"group_762.Phage.protein",-0.104605083198679
"group_759.Transposase",-0.104605083198679
"group_693.Endopeptidase",-0.104605083198679
"group_689.HTH.cro.C1.type.domain.containing.protein",-0.104605083198679
"group_673.Phage.repressor.protein.CI",-0.104605083198679
"group_634.Q.protein",-0.104605083198679
"group_624.lysozyme.RrrD",-0.104605083198679
"group_601.Phage.protein",-0.104605083198679
"group_454.CI.protein",-0.104605083198679
"group_391.putative.antirepressor",-0.104605083198679
"group_331.Antitermination.protein.Q",-0.104605083198679
"group_323.DNA.replication.protein.O",-0.104605083198679
"group_317.Serine.protease",-0.104605083198679
"group_303.Helix.turn.helix.domain.containing.protein",-0.104605083198679
"espS.Secretion.protein.EspS",-0.104605083198679
"group_283.Integrase",-0.104605083198679
"group_261.DNA.primase",-0.104605083198679
"group_241.Phage.DNA.primase",-0.104605083198679
"group_226.Phage.antirepressor.protein",-0.104605083198679
"group_125.Putative.integrase",-0.104605083198679
"group_101.DNA.5..3..helicase",-0.104605083198679
"group_76.SIR2.like.domain.containing.protein",-0.104605083198679
"group_68.Helicase",-0.104605083198679
"group_14.DUF4765.domain.containing.protein",-0.104605083198679
"group_1953.Phage.protein",-0.104605083198679
"group_2372.hypothetical.protein.Phage.transposase",-0.104605083198679
"group_2265.DUF2730.domain.containing.protein",-0.104605083198679
"group_2250.Mu.transposase.C.terminal.domain.containing.protein.DNA.binding.protein.Phage.transposase",-0.104605083198679
"group_2249.hypothetical.protein.AAA.family.ATPase.Phage.DNA.transposition.protein",-0.104605083198679
"group_2233.hypothetical.protein.Phage.DNA.transposition.protein",-0.104605083198679
"group_2232.hypothetical.protein.Phage.protein",-0.104605083198679
"group_2231.AsnC.family.protein",-0.104605083198679
"group_2184.Terminase.large.subunit",-0.104605083198679
"group_2127.Regulatory.protein",-0.104605083198679
"group_2075.SF3.helicase.domain.containing.protein",-0.104605083198679
"group_2074.SF3.helicase.domain.containing.protein",-0.104605083198679
"group_2073.DUF4222.domain.containing.protein",-0.104605083198679
"group_2072.DUF4222.domain.containing.protein",-0.104605083198679
"group_2071.DUF4222.domain.containing.protein",-0.104605083198679
"group_2070.hypothetical.protein",-0.104605083198679
"group_2069.hypothetical.protein",-0.104605083198679
"group_2068.hypothetical.protein",-0.104605083198679
"group_2067.Prophage.protein",-0.104605083198679
"group_2066.Prophage.protein",-0.104605083198679
"group_2065.host.cell.division.inhibitor.Icd.like.protein",-0.104605083198679
"group_2064.Regulatory.protein",-0.104605083198679
"group_2063.Bacteriophage.protein",-0.104605083198679
"group_2062.Bacteriophage.protein",-0.104605083198679
"group_2061.Kil.protein.for.bacterial.septation.inhibition",-0.104605083198679
"group_2060.Kil.protein.for.bacterial.septation.inhibition",-0.104605083198679
"group_2059.Host.nuclease.inhibitor.protein",-0.104605083198679
"group_2058.Host.nuclease.inhibitor.protein",-0.104605083198679
"group_2057.hypothetical.protein",-0.104605083198679
"group_2056.hypothetical.protein",-0.104605083198679
"group_2055.Prophage.protein",-0.104605083198679
"group_2054.Prophage.protein",-0.104605083198679
"group_2053.Prophage.host.nuclease.inhibitor.protein",-0.104605083198679
"group_2052.Prophage.host.nuclease.inhibitor.protein",-0.104605083198679
"group_2051.Phage.protein",-0.104605083198679
"group_2050.Prophage.DNA.binding.protein",-0.104605083198679
"group_2049.Prophage.DNA.binding.protein",-0.104605083198679
"group_2048.Mu.prophage.protein",-0.104605083198679
"group_2047.Mu.prophage.protein",-0.104605083198679
"group_2046.AsnC.family.protein",-0.104605083198679
"group_2045.DUF551.domain.containing.protein",-0.104605083198679
"group_2044.DUF551.domain.containing.protein",-0.104605083198679
"group_2043.hypothetical.protein",-0.104605083198679
"group_2042.hypothetical.protein",-0.104605083198679
"group_2041.HEAT.repeat.domain.containing.protein",-0.104605083198679
"group_2040.HEAT.repeat.domain.containing.protein",-0.104605083198679
"group_2039.Phage.protein",-0.104605083198679
"group_2038.Phage.protein",-0.104605083198679
"group_2037.hypothetical.protein",-0.104605083198679
"group_2036.hypothetical.protein",-0.104605083198679
"group_2035.DUF1018.domain.containing.protein",-0.104605083198679
"group_2034.DUF1018.domain.containing.protein",-0.104605083198679
"group_2033.Transcriptional.regulator",-0.104605083198679
"group_2032.Transcriptional.regulator",-0.104605083198679
"group_2031.Lysozyme",-0.104605083198679
"group_2030.Lysozyme",-0.104605083198679
"group_2029.DUF2570.domain.containing.protein",-0.104605083198679
"group_2028.DUF2570.domain.containing.protein",-0.104605083198679
"group_2027.RNA.polymerase.binding.transcription.factor",-0.104605083198679
"group_2026.RNA.polymerase.binding.transcription.factor",-0.104605083198679
"group_2025.DUF2730.domain.containing.protein",-0.104605083198679
"group_2024.ArsR.family.transcriptional.regulator",-0.104605083198679
"group_2023.ArsR.family.transcriptional.regulator",-0.104605083198679
"group_2022.DUF3486.domain.containing.protein",-0.104605083198679
"group_2021.DUF3486.domain.containing.protein",-0.104605083198679
"group_2020.Phage.portal.protein",-0.104605083198679
"group_2019.Phage.portal.protein",-0.104605083198679
"group_2018.DUF935.domain.containing.protein",-0.104605083198679
"group_2017.DUF935.domain.containing.protein",-0.104605083198679
"group_2016.Phage.head.morphogenesis.protein",-0.104605083198679
"group_2015.Phage.head.morphogenesis.protein",-0.104605083198679
"group_2014.phage.virion.morphogenesis.protein",-0.104605083198679
"group_2013.phage.virion.morphogenesis.protein",-0.104605083198679
"group_2012.Prophage.protease.protein",-0.104605083198679
"group_2011.Prophage.protease.protein",-0.104605083198679
"group_2010.Phage.major.head.subunit",-0.104605083198679
"group_2009.Phage.major.head.subunit",-0.104605083198679
"group_2008.Mu.like.prophage.FluMu.N.terminal.domain.containing.protein",-0.104605083198679
"group_2007.Mu.like.prophage.FluMu.N.terminal.domain.containing.protein",-0.104605083198679
"group_2006.DUF1320.domain.containing.protein",-0.104605083198679
"group_2005.DUF1320.domain.containing.protein",-0.104605083198679
"group_2004.DUF1834.domain.containing.protein",-0.104605083198679
"group_2003.DUF1834.domain.containing.protein",-0.104605083198679
"group_2002.DUF2635.domain.containing.protein",-0.104605083198679
"group_2001.DUF2635.domain.containing.protein",-0.104605083198679
"group_2000.Phage.tail.protein",-0.104605083198679
"group_1999.Phage.tail.protein",-0.104605083198679
"group_1998.Phage.tail.tube.protein",-0.104605083198679
"group_1997.Phage.tail.tube.protein",-0.104605083198679
"group_1996.Phage.tail.assembly.protein",-0.104605083198679
"group_1995.Phage.tail.assembly.protein",-0.104605083198679
"group_1994.Phage.tape.measure.protein",-0.104605083198679
"group_1993.Phage.tape.measure.protein",-0.104605083198679
"group_1992.Multidrug.DMT.transporter.permease",-0.104605083198679
"group_1991.Multidrug.DMT.transporter.permease",-0.104605083198679
"group_1990.Phage.tail.protein",-0.104605083198679
"group_1989.Phage.tail.protein",-0.104605083198679
"group_1988.Phage.baseplate.assembly.protein.V",-0.104605083198679
"group_1987.Phage.baseplate.assembly.protein.V",-0.104605083198679
"group_1986.Phage.protein.GP46",-0.104605083198679
"group_1985.Phage.protein.GP46",-0.104605083198679
"group_1984.Baseplate.protein.J.like.domain.containing.protein",-0.104605083198679
"group_1983.Baseplate.protein.J.like.domain.containing.protein",-0.104605083198679
"group_1982.DUF2313.domain.containing.protein",-0.104605083198679
"group_1981.DUF2313.domain.containing.protein",-0.104605083198679
"group_1980.Phage.tail.protein",-0.104605083198679
"group_1979.Phage.tail.protein",-0.104605083198679
"group_1978.Tail.fiber.assembly.protein",-0.104605083198679
"group_1977.Tail.fiber.assembly.protein",-0.104605083198679
"group_1976.DNA.invertase",-0.104605083198679
"group_1975.DNA.invertase",-0.104605083198679
"group_1974.Sialate.O.acetylesterase",-0.104605083198679
"group_1973.Sialate.O.acetylesterase",-0.104605083198679
"group_1972.DUF1378.domain.containing.protein",-0.104605083198679
"group_1971.DUF1378.domain.containing.protein",-0.104605083198679
"group_1970.DUF826.domain.containing.protein",-0.104605083198679
"group_1969.DUF826.domain.containing.protein",-0.104605083198679
"group_1968.Hypothetical.prophage.protein",-0.104605083198679
"group_1967.Hypothetical.prophage.protein",-0.104605083198679
"group_1966.Protein.mom",-0.104605083198679
"group_1965.Protein.mom",-0.104605083198679
"group_1940.Bacteriophage.protein",-0.104605083198679
"group_1913.Phage.protein",-0.104605083198679
"group_1910.Antirepressor.protein",-0.104605083198679
"group_1908.AlpA.family.phage.regulatory.protein",-0.104605083198679
"group_1906.DUF4102.domain.containing.protein",-0.104605083198679
"group_1079.M85.family.metallopeptidase",-0.104605083198679
"group_770.SDR.family.oxidoreductase",-0.104605083198679
"group_625.hypothetical.protein",-0.104605083198679
"group_621.exonuclease",-0.104605083198679
"group_483.ead.Ea22.like.family.protein",-0.104605083198679
"group_445.DUF551.domain.containing.protein",-0.104605083198679
"group_366.DUF1627.domain.containing.protein",-0.104605083198679
"nleC.type.III.secretion.system.effector.zinc.metalloprotease.NleC",-0.104605083198679
"group_244.Hydrogenase.4.component.B",-0.104605083198679
"group_1698.Gp11",-0.101420779049411
"group_1694.HK97.gp10.family.putative.phage.morphogenesis.protein",-0.101420779049411
"group_1692.phage.head.closure.protein",-0.101420779049411
"group_881.phage.terminase.large.subunit.family.protein",-0.096566944633432
"group_2356.Orf369.protein.putative.site.specific.recombinase.hypothetical.protein",0.0952358381286235
"group_1855.type.II.toxin.antitoxin.system.toxin.CcdB",0.0952358381286235
"ccdA.type.II.toxin.antitoxin.system.antitoxin.CcdA",0.0952358381286235
"ehxD.enterohemolysin.T1SS.ABC.transporter.subunit.EhxD",0.0952358381286235
"kfrA.KfrA.N.terminal.DNA.binding.domain.containing.protein",0.0952358381286235
"group_1851.Orf621.protein",0.0952358381286235
"group_1849.hypothetical.protein",0.0952358381286235
"repB.RepFIB.replication.protein.A",0.0952358381286235
"ehxB.enterohemolysin.T1SS.ABC.transporter.permease.ATPase.EhxB",0.0952358381286235
"ehxA.enterohemolysin.EhxA",0.0952358381286235
"ehxC.enterohemolysin.activating.lysine.acyltransferase.EhxC",0.0952358381286235
"group_1844.IS3.family.transposase",0.0952358381286235
"group_2214.hypothetical.protein.metalloprotease.StcE",0.0952358381286235
"group_1847.hypothetical.protein",0.0952358381286235
"gspC.type.II.secretion.system.protein.GspC",0.0952358381286235
"group_1835.Transposase",0.0952358381286235
"group_2428.hypothetical.protein.RTX.C.terminal.domain.containing.protein.enterohemolysin.EhxA",-0.0952358381286235
"group_2383.enterohemolysin.activating.lysine.acyltransferase.EhxC.toxin.activating.lysine.acyltransferase",-0.0952358381286235
"group_2220.Transposase.IS3.family.transposase",-0.0952358381286235
"group_1845.enterohemolysin.T1SS.ABC.transporter.permease.ATPase.EhxB",-0.0952358381286235
"group_1848.hypothetical.protein",-0.0952358381286235
"intM.putative.site.specific.recombinase",-0.0952358381286235
"group_1846.enterohemolysin.T1SS.ABC.transporter.subunit.EhxD",-0.0952358381286235
"group_2376.Phage.major.tail.protein.Major.tail.protein.V",0.0918693671141585
"group_2647.Pilus.assembly.protein",-0.0864090695461788
"group_1225.hypothetical.protein",-0.0864090695461788
"group_156.hypothetical.protein",-0.0864090695461788
"group_1652.IS3.family.IS629.transposase.ORF.B",0.0862200511741944
"group_132.hypothetical.protein",-0.0851768927955264
"group_2115.Dienelactone.hydrolase.and.related.enzymes.Alpha.beta.hydrolase",0.0841701322705902
"group_931.molybdopterin.dependent.oxidoreductase",-0.0835480893606208
"group_885.hypothetical.protein",-0.0835480893606208
"group_1003.Exonuclease.from.phage.origin",0.083124898130158
"group_646.hypothetical.protein",-0.0827338580343383
"group_1561.DUF1378.domain.containing.protein",0.0799856850478167
"group_2385.tyrosine.type.recombinase.integrase.Resolvase",-0.0795087007706763
"group_1627.Holin",-0.0793632849312711
"group_2408.Uncharacterized.protein.Cytoplasmic.protein",-0.0734207639342102
"group_2354.Toxin.antitoxin.system.toxin.component.RelE.family.IPF_101",-0.0734207639342102
"group_1829.Transposase",-0.0733911625964705
"group_1941.hypothetical.protein",-0.0720590386097507
"group_2403.head.tail.connector.protein",-0.0716267063315544
"group_2339.phage.head.closure.protein",-0.0716267063315544
"group_1699.Gp11",-0.0716267063315544
"group_1695.HK97.gp10.family.putative.phage.morphogenesis.protein",-0.0716267063315544
"group_2260.ParB.RepB.Spo0J.family.plasmid.partition.protein.plasmid.partitioning.protein.SopA",-0.0696082218125226
"group_2419.ATPase.Sporulation.initiation.inhibitor.protein.Soj.plasmid.partitioning.protein.SopA",-0.0696082218125226
"group_2224.alpha.beta.fold.hydrolase.Uncharacterized.protein.in.traX.finO.intergenic.region",-0.0696082218125226
"gspD.variant.type.II.secretion.system.secretin.EtpD",-0.0696082218125226
"group_955.hypothetical.protein",-0.0696082218125226
"group_2213.lauroyl.Kdo.2..lipid.IV.A..myristoyltransferase",0.0663495640665898
"group_2565.Regulatory.protein.rop",-0.0654582636432244
"group_2576.plasmid.mobilization.protein.MobA",-0.0654582636432244
"group_2569.Regulatory.protein.rop",-0.0654582636432244
"group_2574.plasmid.mobilization.protein.MobA",-0.0654582636432244
"rloB.RloB.domain.containing.protein",-0.0654582636432244
"group_2566.ATP.binding.protein",-0.0654582636432244
"group_2571.RloB.domain.containing.protein",-0.0654582636432244
"group_2570.ATP.binding.protein",-0.0654582636432244
"group_2200.Minor.tail.protein",-0.063343524410131
"group_1628.Holin",0.0608552864804109
"group_1945.Ig.domain.containing.protein",-0.0571609492028917
"group_1817.Ribbon.helix.helix.protein.CopG.domain.containing.protein",0.0548677065325968
"group_1893.W0003",-0.0529174000439531
"group_968.Secreted.protein",-0.0529174000439531
"group_1959.Phage.terminase.large.subunit.family.protein",-0.0527891641286839
"group_1672.SAR.endolysin",-0.0464137701839807
"group_1511.DUF1327.domain.containing.protein",-0.0464137701839807
"group_2245.IS3.family.transposase.IS3.family.IS629.transposase.ORF.B",0.0431987075688408
"group_1653.IS3.family.IS629.transposase.ORF.B",-0.0431987075688408
"resD.tyrosine.type.recombinase.integrase.Resolvase",0.0419085945176094
"group_1740.Host.specificity.protein.J",-0.0417047785372682
"group_1828.Transposase",0.0379332431843473
"group_1895.Replication.regulatory.protein.repA2",0.0364431847656697
"group_2197.Bacteriophage.protein",-0.0347352603422702
"group_2346.DNase.Dnase",-0.0347352603422702
"group_2210.hypothetical.protein.Soluble.cytochrome.b562",-0.0320128898781367
"group_1896.Replication.regulatory.protein.repA2",0.0307036841389115
"group_2209.IS3.family.transposase",-0.0277007793140419
"group_2477.head.tail.connector.protein",-0.0265400175295147
"group_1750.phage.head.closure.protein",-0.0265400175295147
"group_1691.phage.head.closure.protein",0.0265400175295147
"group_2343.Putative.tail.component.phage.tail.tape.measure.protein",0.0244451843198609
"group_2244.catalase.peroxidase.KatP",-0.022206868377219
"group_1493.IS3.family.IS1203.transposase.ORF.A",0.020015774095823
"group_1477.IS3.family.IS1203.transposase.ORF.B",0.020015774095823
"yehF.Protein.YehF",-0.0180883890654373
"group_2307.Ail.Lom.family.outer.membrane.beta.barrel.protein.Porin.family.protein.hypothetical.protein",0.0179725043244376
"group_592.Tail.fiber.protein",-0.0122019118734617
"group_1822.IS3.family.transposase",0.00782792240044065
"group_1820.Cytoplasmic.protein",0.00782792240044065
"group_1819.IPF_101",0.00782792240044065
"group_1824.Soluble.cytochrome.b562",0.00681976094571585
"group_978.Outer.membrane.protein",0.00341860407073698
"group_1792.DUF826.domain.containing.protein",-0.00341860407073698
"katP.catalase.peroxidase.KatP",-0.000775239265842665
